"","position","full_name","first_name","last_name","inch_height","weight","games","receptions","targets","receiving_yards","receiving_tds","receiving_air_yards","receiving_yards_after_catch","carries","rec_gm","ay_per_targ"
"1","WR","Krishawn Hogan","Krishawn","Hogan",75,"217",NA,NA,NA,NA,NA,NA,NA,NA,NA,NA
"2","WR","KeeSean Johnson","KeeSean","Johnson",73,"199",8,15,23,173,0,250,50,0,1.88,10.87
"3","WR","Isaac Whitney","Isaac","Whitney",74,"204",NA,NA,NA,NA,NA,NA,NA,NA,NA,NA
"4","WR","Jaron Brown","Jaron","Brown",75,"205",NA,NA,NA,NA,NA,NA,NA,NA,NA,NA
"5","WR","Andy Isabella","Andy","Isabella",69,"190",11,21,35,224,2,394,82,1,1.91,11.26
"6","WR","DeAndre Hopkins","DeAndre","Hopkins",73,"212",16,115,160,1407,6,1417,534,1,7.19,8.86
"7","WR","A.J. Richardson","A.J.","Richardson",72,"212",NA,NA,NA,NA,NA,NA,NA,NA,NA,NA
"8","WR","JoJo Ward","JoJo","Ward",69,"175",NA,NA,NA,NA,NA,NA,NA,NA,NA,NA
"9","WR","Rico Gafford","Rico","Gafford",70,"185",2,0,2,0,0,64,0,0,0,32
"10","WR","Larry Fitzgerald","Larry","Fitzgerald",75,"218",13,54,72,409,1,432,185,0,4.15,6
"11","WR","Christian Kirk","Christian","Kirk",71,"200",14,48,79,621,6,935,175,2,3.43,11.84
"12","WR","Trent Sherfield","Trent","Sherfield",73,"219",2,5,7,50,0,82,27,0,2.5,11.71
"13","WR","Calvin Ridley","Calvin","Ridley",73,"190",15,90,143,1374,9,2052,275,5,6,14.35
"14","WR","Olamide Zaccheaus","Olamide","Zaccheaus",68,"193",9,20,32,274,1,440,63,1,2.22,13.75
"15","WR","Greg Dortch","Greg","Dortch",67,"173",NA,NA,NA,NA,NA,NA,NA,NA,NA,NA
"16","WR","Juwan Green","Juwan","Green",72,"187",NA,NA,NA,NA,NA,NA,NA,NA,NA,NA
"17","WR","Julio Jones","Julio","Jones",75,"220",9,51,68,771,3,764,231,0,5.67,11.24
"18","WR","Chris Rowland","Chris","Rowland",68,"180",NA,NA,NA,NA,NA,NA,NA,NA,NA,NA
"19","WR","Christian Blake","Christian","Blake",73,"181",7,13,18,141,0,173,26,0,1.86,9.61
"20","WR","Russell Gage","Russell","Gage",72,"184",16,72,109,786,4,927,281,2,4.5,8.5
"21","WR","Laquon Treadwell","Laquon","Treadwell",74,"215",4,6,7,49,2,39,13,0,1.5,5.57
"22","WR","Brandon Powell","Brandon","Powell",68,"189",10,12,18,69,2,83,34,2,1.2,4.61
"23","WR","Devin Gray","Devin","Gray",72,"192",NA,NA,NA,NA,NA,NA,NA,NA,NA,NA
"24","WR","Miles Boykin","Miles","Boykin",76,"220",15,22,38,286,4,437,85,0,1.47,11.5
"25","WR","Antoine Wesley","Antoine","Wesley",76,"206",NA,NA,NA,NA,NA,NA,NA,NA,NA,NA
"26","WR","Dez Bryant","Dez","Bryant",74,"220",6,6,13,47,2,71,34,0,1,5.46
"27","WR","Chris Moore","Chris","Moore",73,"200",NA,NA,NA,NA,NA,NA,NA,NA,NA,NA
"28","WR","James Proche","James","Proche",72,"193",3,1,3,14,0,12,8,0,0.33,4
"29","WR","DeAndrew White","DeAndrew","White",72,"195",NA,NA,NA,NA,NA,NA,NA,NA,NA,NA
"30","WR","Marquise Brown","Marquise","Brown",69,"170",18,69,116,965,8,1554,328,3,3.83,13.4
"31","WR","Deon Cain","Deon","Cain",74,"202",NA,NA,NA,NA,NA,NA,NA,NA,NA,NA
"32","WR","Jaylon Moore","Jaylon","Moore",74,"190",NA,NA,NA,NA,NA,NA,NA,NA,NA,NA
"33","WR","De'Anthony Thomas","De'Anthony","Thomas",68,"176",NA,NA,NA,NA,NA,NA,NA,NA,NA,NA
"34","WR","Binjimen Victor","Binjimen","Victor",76,"199",NA,NA,NA,NA,NA,NA,NA,NA,NA,NA
"35","WR","Devin Duvernay","Devin","Duvernay",71,"210",14,20,26,201,0,161,118,4,1.43,6.19
"36","WR","Willie Snead","Willie","Snead",71,"205",15,40,55,466,3,449,200,0,2.67,8.16
"37","WR","Duke Williams","Duke","Williams",75,"225",NA,NA,NA,NA,NA,NA,NA,NA,NA,NA
"38","WR","Isaiah McKenzie","Isaiah","McKenzie",68,"173",17,33,37,296,6,151,202,12,1.94,4.08
"39","WR","Jake Kumerow","Jake","Kumerow",76,"209",1,1,1,22,1,22,0,0,1,22
"40","WR","Stefon Diggs","Stefon","Diggs",72,"191",19,147,197,1846,10,2145,539,1,7.74,10.89
"41","WR","John Brown","John","Brown",71,"179",12,43,71,544,3,852,192,0,3.58,12
"42","WR","Tanner Gentry","Tanner","Gentry",73,"193",NA,NA,NA,NA,NA,NA,NA,NA,NA,NA
"43","WR","Kenny Stills","Kenny","Stills",73,"202",7,11,19,144,1,238,17,0,1.57,12.53
"44","WR","Cole Beasley","Cole","Beasley",68,"174",18,96,125,1112,4,944,417,0,5.33,7.55
"45","WR","Andre Roberts","Andre","Roberts",71,"195",3,4,5,34,0,48,5,1,1.33,9.6
"46","WR","Gabriel Davis","Gabriel","Davis",75,"213",19,39,73,684,7,1117,131,1,2.05,15.3
"47","WR","Isaiah Hodgins","Isaiah","Hodgins",76,"209",NA,NA,NA,NA,NA,NA,NA,NA,NA,NA
"48","WR","Amara Darboh","Amara","Darboh",74,"219",NA,NA,NA,NA,NA,NA,NA,NA,NA,NA
"49","WR","Shelton Gibson","Shelton","Gibson",71,"191",NA,NA,NA,NA,NA,NA,NA,NA,NA,NA
"50","WR","Omar Bayless","Omar","Bayless",75,"207",NA,NA,NA,NA,NA,NA,NA,NA,NA,NA
"51","WR","Brandon Zylstra","Brandon","Zylstra",74,"215",5,3,4,35,0,55,15,1,0.6,13.75
"52","WR","Pharoh Cooper","Pharoh","Cooper",71,"207",5,5,8,73,0,79,35,0,1,9.88
"53","WR","Ishmael Hyman","Ishmael","Hyman",72,"196",NA,NA,NA,NA,NA,NA,NA,NA,NA,NA
"54","WR","Robby Anderson","Robby","Anderson",75,"190",16,95,136,1096,3,1318,497,4,5.94,9.69
"55","WR","Curtis Samuel","Curtis","Samuel",71,"195",15,77,97,851,3,711,320,41,5.13,7.33
"56","WR","Ventell Bryant","Ventell","Bryant",75,"205",NA,NA,NA,NA,NA,NA,NA,NA,NA,NA
"57","WR","D.J. Moore","D.J.","Moore",71,"215",15,66,118,1193,4,1561,382,2,4.4,13.23
"58","WR","Keith Kirkwood","Keith","Kirkwood",75,"210",1,1,2,13,0,32,9,0,1,16
"59","WR","Marken Michel","Marken","Michel",71,"190",NA,NA,NA,NA,NA,NA,NA,NA,NA,NA
"60","WR","Ted Ginn","Ted","Ginn",71,"180",3,3,6,40,0,121,10,0,1,20.17
"61","WR","DeAndre Carter","DeAndre","Carter",68,"190",2,4,6,25,0,40,9,1,2,6.67
"62","WR","Jester Weah","Jester","Weah",75,"210",NA,NA,NA,NA,NA,NA,NA,NA,NA,NA
"63","WR","Riley Ridley","Riley","Ridley",73,"200",3,6,6,75,0,54,21,0,2,9
"64","WR","Javon Wims","Javon","Wims",74,"221",10,7,16,76,1,291,6,1,0.7,18.19
"65","WR","Reggie Davis","Reggie","Davis",71,"185",NA,NA,NA,NA,NA,NA,NA,NA,NA,NA
"66","WR","Rodney Adams","Rodney","Adams",73,"189",NA,NA,NA,NA,NA,NA,NA,NA,NA,NA
"67","WR","Darnell Mooney","Darnell","Mooney",71,"172",16,61,98,631,4,1128,254,4,3.81,11.51
"68","WR","Dwayne Harris","Dwayne","Harris",70,"215",NA,NA,NA,NA,NA,NA,NA,NA,NA,NA
"69","WR","Thomas Ives","Thomas","Ives",76,"218",NA,NA,NA,NA,NA,NA,NA,NA,NA,NA
"70","WR","Anthony Miller","Anthony","Miller",71,"199",17,51,79,507,2,764,149,3,3,9.67
"71","WR","Allen Robinson","Allen","Robinson",74,"220",17,108,158,1305,6,1503,332,1,6.35,9.51
"72","WR","Cordarrelle Patterson","Cordarrelle","Patterson",74,"238",16,21,25,132,0,90,114,65,1.31,3.6
"73","WR","A.J. Green","A.J.","Green",76,"210",16,47,104,523,2,1427,86,0,2.94,13.72
"74","WR","Stanley Morgan","Stanley","Morgan",72,"205",NA,NA,NA,NA,NA,NA,NA,NA,NA,NA
"75","WR","Auden Tate","Auden","Tate",77,"228",8,14,22,150,0,207,58,0,1.75,9.41
"76","WR","Scotty Washington","Scotty","Washington",77,"225",NA,NA,NA,NA,NA,NA,NA,NA,NA,NA
"77","WR","Tee Higgins","Tee","Higgins",76,"210",15,67,108,908,6,1241,310,5,4.47,11.49
"78","WR","Alex Erickson","Alex","Erickson",72,"195",9,12,17,139,0,122,67,5,1.33,7.18
"79","WR","Tyler Boyd","Tyler","Boyd",74,"203",15,79,110,841,4,940,350,5,5.27,8.55
"80","WR","Mike Thomas","Mike","Thomas",73,"189",10,13,21,132,1,181,28,1,1.3,8.62
"81","WR","Trenton Irwin","Trenton","Irwin",74,"207",1,1,2,5,0,12,1,0,1,6
"82","WR","John Ross","John","Ross",71,"194",2,2,7,17,0,84,3,0,1,12
"83","WR","JoJo Natson","JoJo","Natson",67,"153",1,0,0,0,0,0,0,1,0,NA
"84","WR","Taywan Taylor","Taywan","Taylor",71,"203",1,0,1,0,0,15,0,0,0,15
"85","WR","Derrick Willies","Derrick","Willies",76,"207",NA,NA,NA,NA,NA,NA,NA,NA,NA,NA
"86","WR","Ryan Switzer","Ryan","Switzer",68,"185",NA,NA,NA,NA,NA,NA,NA,NA,NA,NA
"87","WR","Odell Beckham","Odell","Beckham",71,"198",7,23,43,319,3,584,46,3,3.29,13.58
"88","WR","Khadarel Hodge","Khadarel","Hodge",74,"205",7,11,17,180,0,278,23,0,1.57,16.35
"89","WR","Jarvis Landry","Jarvis","Landry",71,"196",17,84,119,952,5,908,411,4,4.94,7.63
"90","WR","Marvin Hall","Marvin","Hall",70,"190",11,18,32,302,2,549,58,1,1.64,17.16
"91","WR","Donovan Peoples-Jones","Donovan","Peoples-Jones",74,"208",9,16,23,335,2,382,79,0,1.78,16.61
"92","WR","Rashard Higgins","Rashard","Higgins",73,"198",14,44,66,715,4,895,106,0,3.14,13.56
"93","WR","Alexander Hollins","Alexander","Hollins",73,"166",NA,NA,NA,NA,NA,NA,NA,NA,NA,NA
"94","WR","Ja'Marcus Bradley","Ja'Marcus","Bradley",73,"195",1,5,11,60,0,126,11,0,5,11.45
"95","WR","Malik Turner","Malik","Turner",74,"200",NA,NA,NA,NA,NA,NA,NA,NA,NA,NA
"96","WR","Chris Lacy","Chris","Lacy",75,"205",NA,NA,NA,NA,NA,NA,NA,NA,NA,NA
"97","WR","Cedrick Wilson","Cedrick","Wilson",77,"188",10,17,28,189,2,244,113,3,1.7,8.71
"98","WR","Noah Brown","Noah","Brown",74,"225",9,14,24,154,0,247,47,1,1.56,10.29
"99","WR","Amari Cooper","Amari","Cooper",73,"211",16,92,130,1114,5,1145,413,6,5.75,8.81
"100","WR","Michael Gallup","Michael","Gallup",73,"200",16,59,105,843,5,1237,252,0,3.69,11.78
"101","WR","CeeDee Lamb","CeeDee","Lamb",74,"189",16,74,111,935,5,1031,311,10,4.62,9.29
"102","WR","Stephen Guidry","Stephen","Guidry",76,"200",NA,NA,NA,NA,NA,NA,NA,NA,NA,NA
"103","WR","Jon'Vea Johnson","Jon'Vea","Johnson",72,"192",NA,NA,NA,NA,NA,NA,NA,NA,NA,NA
"104","WR","Aaron Parker","Aaron","Parker",75,"191",NA,NA,NA,NA,NA,NA,NA,NA,NA,NA
"105","WR","Courtland Sutton","Courtland","Sutton",76,"216",1,3,6,66,0,106,7,0,3,17.67
"106","WR","Fred Brown","Fred","Brown",73,"196",NA,NA,NA,NA,NA,NA,NA,NA,NA,NA
"107","WR","Jerry Jeudy","Jerry","Jeudy",73,"192",16,52,113,856,3,1529,284,0,3.25,13.53
"108","WR","DaeSean Hamilton","DaeSean","Hamilton",73,"206",12,23,44,293,2,591,95,0,1.92,13.43
"109","WR","Tim Patrick","Tim","Patrick",76,"212",15,51,79,742,6,986,238,0,3.4,12.48
"110","WR","Kendall Hinton","Kendall","Hinton",72,"195",1,0,0,0,0,0,0,2,0,NA
"111","WR","Trinity Benson","Trinity","Benson",72,"180",NA,NA,NA,NA,NA,NA,NA,NA,NA,NA
"112","WR","Tyrie Cleveland","Tyrie","Cleveland",74,"205",5,6,9,63,0,79,18,0,1.2,8.78
"113","WR","K.J. Hamler","K.J.","Hamler",69,"176",12,30,56,381,3,595,124,9,2.5,10.62
"114","WR","Diontae Spencer","Diontae","Spencer",68,"170",5,3,6,26,0,33,12,3,0.6,5.5
"115","WR","Jamal Agnew","Jamal","Agnew",70,"190",13,13,20,89,0,97,101,6,1,4.85
"116","WR","Tom Kennedy","Tom","Kennedy",70,"194",NA,NA,NA,NA,NA,NA,NA,NA,NA,NA
"117","WR","Mohamed Sanu","Mohamed","Sanu",74,"215",7,17,24,187,1,289,37,1,2.43,12.04
"118","WR","Marvin Jones","Marvin","Jones",74,"198",16,76,115,978,9,1461,196,0,4.75,12.7
"119","WR","Danny Amendola","Danny","Amendola",71,"185",14,46,69,602,0,558,290,1,3.29,8.09
"120","WR","Quintez Cephus","Quintez","Cephus",73,"205",11,20,35,349,2,509,85,0,1.82,14.54
"121","WR","Victor Bolden","Victor","Bolden",68,"178",NA,NA,NA,NA,NA,NA,NA,NA,NA,NA
"122","WR","Geronimo Allison","Geronimo","Allison",75,"202",NA,NA,NA,NA,NA,NA,NA,NA,NA,NA
"123","WR","Kenny Golladay","Kenny","Golladay",76,"213",5,20,32,338,2,466,38,0,4,14.56
"124","WR","Davante Adams","Davante","Adams",73,"215",16,133,174,1507,20,1445,669,0,8.31,8.3
"125","WR","Malik Taylor","Malik","Taylor",74,"216",6,5,6,66,1,40,47,1,0.83,6.67
"126","WR","Reggie Begelton","Reggie","Begelton",74,"200",NA,NA,NA,NA,NA,NA,NA,NA,NA,NA
"127","WR","Equanimeous St. Brown","Equanimeous","St. Brown",77,"214",10,9,16,154,1,188,72,1,0.9,11.75
"128","WR","Caleb Scott","Caleb","Scott",74,"202",NA,NA,NA,NA,NA,NA,NA,NA,NA,NA
"129","WR","Seth Roberts","Seth","Roberts",74,"195",3,4,6,31,0,44,22,0,1.33,7.33
"130","WR","Darrius Shepherd","Darrius","Shepherd",71,"188",6,5,8,46,0,120,18,0,0.83,15
"131","WR","Allen Lazard","Allen","Lazard",77,"227",12,40,60,609,4,654,253,2,3.33,10.9
"132","WR","Tavon Austin","Tavon","Austin",68,"179",3,5,5,20,0,-22,42,0,1.67,-4.4
"133","WR","Marquez Valdes-Scantling","Marquez","Valdes-Scantling",76,"207",16,41,77,838,7,1399,298,4,2.56,18.17
"134","WR","Juwann Winfree","Juwann","Winfree",75,"215",NA,NA,NA,NA,NA,NA,NA,NA,NA,NA
"135","WR","Devin Funchess","Devin","Funchess",76,"225",NA,NA,NA,NA,NA,NA,NA,NA,NA,NA
"136","WR","Randall Cobb","Randall","Cobb",70,"192",10,38,48,441,3,323,171,0,3.8,6.73
"137","WR","Steven Mitchell","Steven","Mitchell",70,"186",3,5,8,60,0,110,10,0,1.67,13.75
"138","WR","Chad Hansen","Chad","Hansen",74,"202",5,17,24,236,1,290,39,0,3.4,12.08
"139","WR","Keke Coutee","Keke","Coutee",71,"180",8,33,40,400,3,377,148,0,4.12,9.43
"140","WR","Damion Ratley","Damion","Ratley",74,"200",5,4,10,63,0,104,10,0,0.8,10.4
"141","WR","Isaiah Coulter","Isaiah","Coulter",75,"190",NA,NA,NA,NA,NA,NA,NA,NA,NA,NA
"142","WR","J'Mon Moore","J'Mon","Moore",75,"205",NA,NA,NA,NA,NA,NA,NA,NA,NA,NA
"143","WR","Will Fuller","Will","Fuller",72,"184",11,53,75,879,8,940,291,1,4.82,12.53
"144","WR","Artavis Scott","Artavis","Scott",71,"195",NA,NA,NA,NA,NA,NA,NA,NA,NA,NA
"145","WR","Brandin Cooks","Brandin","Cooks",70,"183",15,81,119,1150,6,1403,350,0,5.4,11.79
"146","WR","Dezmon Patmon","Dezmon","Patmon",76,"220",NA,NA,NA,NA,NA,NA,NA,NA,NA,NA
"147","WR","Parris Campbell","Parris","Campbell",72,"205",2,6,9,71,0,107,18,2,3,11.89
"148","WR","DeMichael Harris","DeMichael","Harris",69,"175",6,10,10,79,0,16,63,6,1.67,1.6
"149","WR","J.J. Nelson","J.J.","Nelson",70,"160",NA,NA,NA,NA,NA,NA,NA,NA,NA,NA
"150","WR","Daurice Fountain","Daurice","Fountain",74,"210",2,2,3,23,0,28,0,0,1,9.33
"151","WR","Ashton Dulin","Ashton","Dulin",73,"215",7,3,6,53,0,31,28,2,0.43,5.17
"152","WR","Gary Jennings","Gary","Jennings",73,"215",NA,NA,NA,NA,NA,NA,NA,NA,NA,NA
"153","WR","Zach Pascal","Zach","Pascal",74,"214",17,47,76,666,6,810,244,0,2.76,10.66
"154","WR","T.Y. Hilton","T.Y.","Hilton",70,"183",16,58,98,794,5,1247,203,0,3.62,12.72
"155","WR","Michael Pittman","Michael","Pittman",76,"220",14,45,71,593,1,576,347,4,3.21,8.11
"156","WR","Terry Godwin","Terry","Godwin",71,"185",2,3,6,32,0,70,3,1,1.5,11.67
"157","WR","Keelan Cole","Keelan","Cole",73,"194",16,55,88,642,5,957,174,1,3.44,10.88
"158","WR","Michael Walker","Michael","Walker",71,"195",NA,NA,NA,NA,NA,NA,NA,NA,NA,NA
"159","WR","Damion Willis","Damion","Willis",75,"204",NA,NA,NA,NA,NA,NA,NA,NA,NA,NA
"160","WR","Josh Hammond","Josh","Hammond",72,"194",NA,NA,NA,NA,NA,NA,NA,NA,NA,NA
"161","WR","Dede Westbrook","Dede","Westbrook",72,"176",1,1,1,4,0,4,0,0,1,4
"162","WR","Laviska Shenault","Laviska","Shenault",74,"220",14,58,79,600,5,493,298,18,4.14,6.24
"163","WR","D.J. Chark","D.J.","Chark",76,"198",13,53,93,706,5,1300,165,0,4.08,13.98
"164","WR","Chris Conley","Chris","Conley",75,"205",14,40,63,471,2,652,180,0,2.86,10.35
"165","WR","Bug Howard","Bug","Howard",77,"210",NA,NA,NA,NA,NA,NA,NA,NA,NA,NA
"166","WR","Collin Johnson","Collin","Johnson",78,"215",10,18,31,272,2,375,65,0,1.8,12.1
"167","WR","Demarcus Robinson","Demarcus","Robinson",73,"203",17,47,64,491,3,600,177,0,2.76,9.38
"168","WR","Maurice Ffrench","Maurice","Ffrench",71,"200",NA,NA,NA,NA,NA,NA,NA,NA,NA,NA
"169","WR","Tajae Sharpe","Tajae","Sharpe",74,"194",3,0,3,0,0,112,0,0,0,37.33
"170","WR","Sammy Watkins","Sammy","Watkins",73,"211",11,38,56,434,2,455,158,1,3.45,8.12
"171","WR","Chad Williams","Chad","Williams",73,"204",NA,NA,NA,NA,NA,NA,NA,NA,NA,NA
"172","WR","Joe Fortson","Joe","Fortson",78,"230",NA,NA,NA,NA,NA,NA,NA,NA,NA,NA
"173","WR","Antonio Callaway","Antonio","Callaway",71,"200",3,2,4,20,0,28,3,0,0.67,7
"174","WR","Mecole Hardman","Mecole","Hardman",70,"187",19,49,75,626,5,703,367,6,2.58,9.37
"175","WR","Gehrig Dieter","Gehrig","Dieter",75,"207",1,1,2,10,0,15,5,0,1,7.5
"176","WR","Byron Pringle","Byron","Pringle",73,"205",9,19,27,199,1,228,81,0,2.11,8.44
"177","WR","Tyreek Hill","Tyreek","Hill",70,"185",18,111,166,1631,15,2047,620,17,6.17,12.33
"178","WR","Marcus Kemp","Marcus","Kemp",76,"210",1,1,1,11,0,1,10,0,1,1
"179","WR","Robert Woods","Robert","Woods",72,"193",18,102,147,1032,7,982,517,25,5.67,6.68
"180","WR","Van Jefferson","Van","Jefferson",74,"197",14,25,38,266,2,387,56,1,1.79,10.18
"181","WR","Trishton Jackson","Trishton","Jackson",73,"191",NA,NA,NA,NA,NA,NA,NA,NA,NA,NA
"182","WR","J.J. Koski","J.J.","Koski",73,"195",NA,NA,NA,NA,NA,NA,NA,NA,NA,NA
"183","WR","Cooper Kupp","Cooper","Kupp",74,"208",16,96,133,1052,3,943,532,4,6,7.09
"184","WR","Josh Reynolds","Josh","Reynolds",75,"196",17,55,85,683,2,933,248,1,3.24,10.98
"185","WR","Nsimba Webster","Nsimba","Webster",70,"180",NA,NA,NA,NA,NA,NA,NA,NA,NA,NA
"186","WR","John Hurst","John","Hurst",74,"190",NA,NA,NA,NA,NA,NA,NA,NA,NA,NA
"187","WR","Tyron Johnson","Tyron","Johnson",73,"193",11,20,26,398,3,534,59,3,1.82,20.54
"188","WR","Jason Moore","Jason","Moore",75,"215",NA,NA,NA,NA,NA,NA,NA,NA,NA,NA
"189","WR","Keenan Allen","Keenan","Allen",74,"211",14,100,147,992,8,1052,437,1,7.14,7.16
"190","WR","K.J. Hill","K.J.","Hill",72,"197",5,7,11,73,0,79,18,0,1.4,7.18
"191","WR","Jeff Cotton","Jeff","Cotton",74,"204",NA,NA,NA,NA,NA,NA,NA,NA,NA,NA
"192","WR","Joe Reed","Joe","Reed",73,"215",3,0,1,0,0,-9,0,5,0,-9
"193","WR","Jalen Guyton","Jalen","Guyton",73,"212",16,28,55,511,3,895,179,2,1.75,16.27
"194","WR","Mike Williams","Mike","Williams",76,"218",14,48,85,756,5,1236,162,1,3.43,14.54
"195","WR","De'Mornay Pierson-El","De'Mornay","Pierson-El",69,"195",NA,NA,NA,NA,NA,NA,NA,NA,NA,NA
"196","WR","Robert Davis","Robert","Davis",75,"210",NA,NA,NA,NA,NA,NA,NA,NA,NA,NA
"197","WR","Henry Ruggs","Henry","Ruggs",72,"190",13,26,43,452,2,748,145,9,2,17.4
"198","WR","Trey Quinn","Trey","Quinn",72,"202",NA,NA,NA,NA,NA,NA,NA,NA,NA,NA
"199","WR","Tyrell Williams","Tyrell","Williams",76,"205",NA,NA,NA,NA,NA,NA,NA,NA,NA,NA
"200","WR","Zay Jones","Zay","Jones",74,"200",11,14,20,154,1,142,65,0,1.27,7.1
"201","WR","Jalin Marshall","Jalin","Marshall",70,"200",NA,NA,NA,NA,NA,NA,NA,NA,NA,NA
"202","WR","Hunter Renfrow","Hunter","Renfrow",70,"185",16,56,77,656,2,547,338,0,3.5,7.1
"203","WR","Marcell Ateman","Marcell","Ateman",76,"215",NA,NA,NA,NA,NA,NA,NA,NA,NA,NA
"204","WR","Bryan Edwards","Bryan","Edwards",75,"215",9,11,15,193,1,127,80,0,1.22,8.47
"205","WR","Nelson Agholor","Nelson","Agholor",72,"198",16,48,82,896,8,1269,230,0,3,15.48
"206","WR","Keelan Doss","Keelan","Doss",75,"215",NA,NA,NA,NA,NA,NA,NA,NA,NA,NA
"207","WR","Albert Wilson","Albert","Wilson",69,"195",NA,NA,NA,NA,NA,NA,NA,NA,NA,NA
"208","WR","Kirk Merritt","Kirk","Merritt",72,"210",NA,NA,NA,NA,NA,NA,NA,NA,NA,NA
"209","WR","Mack Hollins","Mack","Hollins",76,"221",9,16,25,176,1,240,29,0,1.78,9.6
"210","WR","Jakeem Grant","Jakeem","Grant",67,"169",14,36,54,373,1,567,172,3,2.57,10.5
"211","WR","DeVante Parker","DeVante","Parker",75,"216",14,63,103,793,4,1002,173,0,4.5,9.73
"212","WR","Allen Hurns","Allen","Hurns",75,"195",NA,NA,NA,NA,NA,NA,NA,NA,NA,NA
"213","WR","Andre Patton","Andre","Patton",76,"200",NA,NA,NA,NA,NA,NA,NA,NA,NA,NA
"214","WR","Isaiah Ford","Isaiah","Ford",74,"195",9,28,44,276,0,405,68,0,3.11,9.2
"215","WR","Preston Williams","Preston","Williams",77,"218",8,18,35,288,4,508,42,0,2.25,14.51
"216","WR","Chad Beebe","Chad","Beebe",70,"185",10,20,30,201,2,181,73,0,2,6.03
"217","WR","K.J. Osborn","K.J.","Osborn",72,"200",NA,NA,NA,NA,NA,NA,NA,NA,NA,NA
"218","WR","Adam Thielen","Adam","Thielen",74,"200",15,74,108,925,14,1239,243,3,4.93,11.47
"219","WR","Olabisi Johnson","Olabisi","Johnson",72,"203",8,14,19,189,0,215,49,0,1.75,11.32
"220","WR","Dan Chisena","Dan","Chisena",75,"202",NA,NA,NA,NA,NA,NA,NA,NA,NA,NA
"221","WR","Justin Jefferson","Justin","Jefferson",75,"192",16,88,125,1400,7,1430,453,1,5.5,11.44
"222","WR","Quincy Adeboyejo","Quincy","Adeboyejo",75,"200",NA,NA,NA,NA,NA,NA,NA,NA,NA,NA
"223","WR","Damiere Byrd","Damiere","Byrd",69,"180",14,47,77,604,1,882,172,2,3.36,11.45
"224","WR","Jakobi Meyers","Jakobi","Meyers",74,"200",12,59,81,729,0,826,216,2,4.92,10.2
"225","WR","Isaiah Zuber","Isaiah","Zuber",72,"190",4,2,2,29,0,-1,30,2,0.5,-0.5
"226","WR","Julian Edelman","Julian","Edelman",70,"200",6,21,39,315,0,401,64,2,3.5,10.28
"227","WR","Devin Smith","Devin","Smith",73,"199",NA,NA,NA,NA,NA,NA,NA,NA,NA,NA
"228","WR","Devin Ross","Devin","Ross",71,"185",NA,NA,NA,NA,NA,NA,NA,NA,NA,NA
"229","WR","Gunner Olszewski","Gunner","Olszewski",72,"190",6,5,5,62,1,27,35,5,0.83,5.4
"230","WR","Kristian Wilkerson","Kristian","Wilkerson",73,"214",NA,NA,NA,NA,NA,NA,NA,NA,NA,NA
"231","WR","Donte Moncrief","Donte","Moncrief",74,"216",2,1,2,15,0,5,14,1,0.5,2.5
"232","WR","Matt Slater","Matt","Slater",72,"205",NA,NA,NA,NA,NA,NA,NA,NA,NA,NA
"233","WR","Marqise Lee","Marqise","Lee",72,"196",NA,NA,NA,NA,NA,NA,NA,NA,NA,NA
"234","WR","N'Keal Harry","N'Keal","Harry",76,"225",13,33,57,309,2,457,105,2,2.54,8.02
"235","WR","Michael Thomas","Michael","Thomas",75,"212",9,45,66,511,1,615,107,1,5,9.32
"236","WR","Bennie Fowler","Bennie","Fowler",73,"212",1,2,6,11,0,47,1,0,2,7.83
"237","WR","Tre'Quan Smith","Tre'Quan","Smith",74,"210",14,37,53,533,6,507,163,1,2.64,9.57
"238","WR","Deonte Harris","Deonte","Harris",66,"170",11,28,33,268,1,121,189,7,2.55,3.67
"239","WR","Malik Henry","Malik","Henry",72,"175",NA,NA,NA,NA,NA,NA,NA,NA,NA,NA
"240","WR","Lil'Jordan Humphrey","Lil'Jordan","Humphrey",76,"225",3,4,6,60,1,56,21,0,1.33,9.33
"241","WR","Austin Carr","Austin","Carr",73,"195",4,3,4,27,1,32,11,0,0.75,8
"242","WR","Tommylee Lewis","Tommylee","Lewis",67,"168",4,1,3,5,0,38,0,2,0.25,12.67
"243","WR","Juwan Johnson","Juwan","Johnson",76,"231",5,4,10,39,0,73,20,0,0.8,7.3
"244","WR","Emmanuel Sanders","Emmanuel","Sanders",71,"180",16,69,94,777,5,807,191,1,4.31,8.59
"245","WR","Marquez Callaway","Marquez","Callaway",74,"204",7,21,29,213,0,226,58,0,3,7.79
"246","WR","Jake Lampman","Jake","Lampman",72,"205",NA,NA,NA,NA,NA,NA,NA,NA,NA,NA
"247","WR","Da'Mari Scott","Da'Mari","Scott",73,"210",NA,NA,NA,NA,NA,NA,NA,NA,NA,NA
"248","WR","Golden Tate","Golden","Tate",70,"197",12,35,52,388,2,464,75,0,2.92,8.92
"249","WR","Johnny Holton","Johnny","Holton",75,"190",NA,NA,NA,NA,NA,NA,NA,NA,NA,NA
"250","WR","C.J. Board","C.J.","Board",73,"180",9,11,16,101,0,160,33,1,1.22,10
"251","WR","Austin Mack","Austin","Mack",74,"215",5,7,11,91,0,91,37,0,1.4,8.27
"252","WR","Darius Slayton","Darius","Slayton",73,"190",16,50,96,751,3,1303,159,2,3.12,13.57
"253","WR","Alex Bachman","Alex","Bachman",72,"190",NA,NA,NA,NA,NA,NA,NA,NA,NA,NA
"254","WR","David Sills","David","Sills",75,"210",NA,NA,NA,NA,NA,NA,NA,NA,NA,NA
"255","WR","Dante Pettis","Dante","Pettis",73,"195",3,4,6,76,1,110,6,0,1.33,18.33
"256","WR","Cody Core","Cody","Core",75,"205",NA,NA,NA,NA,NA,NA,NA,NA,NA,NA
"257","WR","Sterling Shepard","Sterling","Shepard",70,"201",12,66,90,656,3,746,204,6,5.5,8.29
"258","WR","Corey Coleman","Corey","Coleman",71,"185",NA,NA,NA,NA,NA,NA,NA,NA,NA,NA
"259","WR","Jamison Crowder","Jamison","Crowder",69,"177",12,59,89,699,6,673,327,1,4.92,7.56
"260","WR","Braxton Berrios","Braxton","Berrios",69,"190",13,37,55,394,3,416,216,3,2.85,7.56
"261","WR","Josh Malone","Josh","Malone",75,"205",1,4,6,16,0,17,8,1,4,2.83
"262","WR","D.J. Montgomery","D.J.","Montgomery",73,"201",NA,NA,NA,NA,NA,NA,NA,NA,NA,NA
"263","WR","Josh Doctson","Josh","Doctson",74,"206",NA,NA,NA,NA,NA,NA,NA,NA,NA,NA
"264","WR","Jeff Smith","Jeff","Smith",73,"195",8,17,37,167,0,468,49,0,2.12,12.65
"265","WR","Denzel Mims","Denzel","Mims",75,"208",9,23,44,357,0,675,106,0,2.56,15.34
"266","WR","Jaleel Scott","Jaleel","Scott",77,"210",1,1,1,16,0,13,3,0,1,13
"267","WR","Lawrence Cager","Lawrence","Cager",77,"220",2,2,6,35,0,84,14,0,1,14
"268","WR","Chris Hogan","Chris","Hogan",73,"210",5,14,26,118,0,259,40,0,2.8,9.96
"269","WR","Vyncint Smith","Vyncint","Smith",75,"202",2,1,3,13,0,39,1,0,0.5,13
"270","WR","Daniel Brown","Daniel","Brown",77,"247",2,2,2,31,0,10,21,0,1,5
"271","WR","Breshad Perriman","Breshad","Perriman",74,"215",12,30,60,505,3,906,160,1,2.5,15.1
"272","WR","Marquise Goodwin","Marquise","Goodwin",69,"179",NA,NA,NA,NA,NA,NA,NA,NA,NA,NA
"273","WR","Greg Ward","Greg","Ward",71,"190",16,53,79,419,6,444,164,2,3.31,5.62
"274","WR","Deontay Burnett","Deontay","Burnett",72,"186",1,3,4,19,0,15,4,0,3,3.75
"275","WR","Travis Fulgham","Travis","Fulgham",74,"215",12,38,67,539,4,803,100,0,3.17,11.99
"276","WR","Jalen Reagor","Jalen","Reagor",71,"195",11,31,54,396,1,687,191,4,2.82,12.72
"277","WR","Marcus Green","Marcus","Green",68,"191",NA,NA,NA,NA,NA,NA,NA,NA,NA,NA
"278","WR","Quez Watkins","Quez","Watkins",74,"190",4,7,13,106,1,123,58,0,1.75,9.46
"279","WR","J.J. Arcega-Whiteside","J.J.","Arcega-Whiteside",74,"225",5,4,8,85,0,121,11,0,0.8,15.12
"280","WR","Alshon Jeffery","Alshon","Jeffery",75,"218",7,6,13,115,1,172,25,0,0.86,13.23
"281","WR","DeSean Jackson","DeSean","Jackson",70,"175",5,14,26,236,1,432,65,1,2.8,16.62
"282","WR","John Hightower","John","Hightower",74,"172",10,10,29,167,0,655,57,1,1,22.59
"283","WR","Chase Claypool","Chase","Claypool",76,"227",17,67,116,932,11,1509,342,10,3.94,13.01
"284","WR","Diontae Johnson","Diontae","Johnson",70,"181",16,99,160,1040,7,1323,422,3,6.19,8.27
"285","WR","Anthony Johnson","Anthony","Johnson",74,"210",NA,NA,NA,NA,NA,NA,NA,NA,NA,NA
"286","WR","James Washington","James","Washington",71,"213",17,35,62,464,5,772,161,0,2.06,12.45
"287","WR","Cody White","Cody","White",75,"210",NA,NA,NA,NA,NA,NA,NA,NA,NA,NA
"288","WR","Ray-Ray McCloud","Ray-Ray","McCloud",69,"190",11,20,22,77,0,-33,105,4,1.82,-1.5
"289","WR","JuJu Smith-Schuster","JuJu","Smith-Schuster",73,"215",17,110,147,988,10,896,450,0,6.47,6.1
"290","WR","Tyler Lockett","Tyler","Lockett",70,"182",17,102,136,1097,10,1369,332,0,6,10.07
"291","WR","John Ursua","John","Ursua",69,"182",NA,NA,NA,NA,NA,NA,NA,NA,NA,NA
"292","WR","Aaron Fuller","Aaron","Fuller",71,"188",NA,NA,NA,NA,NA,NA,NA,NA,NA,NA
"293","WR","Freddie Swain","Freddie","Swain",72,"199",13,14,22,187,2,253,101,0,1.08,11.5
"294","WR","Penny Hart","Penny","Hart",68,"180",1,1,1,3,0,-1,4,1,1,-1
"295","WR","Darvin Kidsy","Darvin","Kidsy",72,"180",NA,NA,NA,NA,NA,NA,NA,NA,NA,NA
"296","WR","Lance Lenoir","Lance","Lenoir",72,"201",NA,NA,NA,NA,NA,NA,NA,NA,NA,NA
"297","WR","David Moore","David","Moore",72,"215",17,36,48,418,6,412,174,9,2.12,8.58
"298","WR","DK Metcalf","DK","Metcalf",76,"230",17,88,140,1399,12,1964,383,0,5.18,14.03
"299","WR","Phillip Dorsett","Phillip","Dorsett",70,"192",NA,NA,NA,NA,NA,NA,NA,NA,NA,NA
"300","WR","Cody Thompson","Cody","Thompson",74,"205",NA,NA,NA,NA,NA,NA,NA,NA,NA,NA
"301","WR","Josh Gordon","Josh","Gordon",75,"225",NA,NA,NA,NA,NA,NA,NA,NA,NA,NA
"302","WR","Trent Taylor","Trent","Taylor",68,"181",7,10,21,86,0,117,43,0,1.43,5.57
"303","WR","Jalen Hurd","Jalen","Hurd",76,"227",NA,NA,NA,NA,NA,NA,NA,NA,NA,NA
"304","WR","Shawn Poindexter","Shawn","Poindexter",77,"218",NA,NA,NA,NA,NA,NA,NA,NA,NA,NA
"305","WR","Kendrick Bourne","Kendrick","Bourne",73,"203",15,49,74,667,2,686,219,0,3.27,9.27
"306","WR","Jordan Matthews","Jordan","Matthews",75,"215",NA,NA,NA,NA,NA,NA,NA,NA,NA,NA
"307","WR","Deebo Samuel","Deebo","Samuel",71,"214",7,33,44,391,1,97,398,8,4.71,2.2
"308","WR","Jauan Jennings","Jauan","Jennings",75,"214",NA,NA,NA,NA,NA,NA,NA,NA,NA,NA
"309","WR","Matt Cole","Matt","Cole",70,"200",NA,NA,NA,NA,NA,NA,NA,NA,NA,NA
"310","WR","Travis Benjamin","Travis","Benjamin",70,"175",NA,NA,NA,NA,NA,NA,NA,NA,NA,NA
"311","WR","Kevin White","Kevin","White",75,"216",NA,NA,NA,NA,NA,NA,NA,NA,NA,NA
"312","WR","Austin Proehl","Austin","Proehl",70,"175",NA,NA,NA,NA,NA,NA,NA,NA,NA,NA
"313","WR","Richie James","Richie","James",69,"185",7,23,35,394,1,373,193,0,3.29,10.66
"314","WR","River Cracraft","River","Cracraft",72,"200",3,6,9,41,0,58,11,0,2,6.44
"315","WR","Brandon Aiyuk","Brandon","Aiyuk",73,"206",12,60,96,748,5,902,289,6,5,9.4
"316","WR","Chris Thompson","Chris","Thompson",72,"175",NA,NA,NA,NA,NA,NA,NA,NA,NA,NA
"317","WR","Jaydon Mickens","Jaydon","Mickens",71,"170",2,7,10,58,0,73,31,0,3.5,7.3
"318","WR","Cyril Grayson","Cyril","Grayson",69,"183",2,0,3,0,0,71,0,0,0,23.67
"319","WR","Chris Godwin","Chris","Godwin",73,"209",16,81,116,1072,8,1198,384,1,5.06,10.33
"320","WR","Josh Pearson","Josh","Pearson",76,"205",NA,NA,NA,NA,NA,NA,NA,NA,NA,NA
"321","WR","Antonio Brown","Antonio","Brown",70,"185",11,53,74,564,6,674,273,3,4.82,9.11
"322","WR","John Franklin","John","Franklin",72,"186",NA,NA,NA,NA,NA,NA,NA,NA,NA,NA
"323","WR","Travis Jonsen","Travis","Jonsen",76,"211",NA,NA,NA,NA,NA,NA,NA,NA,NA,NA
"324","WR","Tyler Johnson","Tyler","Johnson",74,"205",13,14,21,200,2,226,73,0,1.08,10.76
"325","WR","Mike Evans","Mike","Evans",77,"231",20,81,131,1210,15,1743,298,0,4.05,13.31
"326","WR","Scott Miller","Scott","Miller",71,"174",18,37,59,581,4,915,116,5,2.06,15.51
"327","WR","Justin Watson","Justin","Watson",75,"215",3,7,11,94,0,106,19,0,2.33,9.64
"328","WR","Corey Davis","Corey","Davis",75,"209",15,65,94,984,5,1092,291,0,4.33,11.62
"329","WR","Cameron Batson","Cameron","Batson",69,"175",10,13,14,106,1,84,45,4,1.3,6
"330","WR","Rashard Davis","Rashard","Davis",69,"175",NA,NA,NA,NA,NA,NA,NA,NA,NA,NA
"331","WR","Chester Rogers","Chester","Rogers",72,"184",NA,NA,NA,NA,NA,NA,NA,NA,NA,NA
"332","WR","A.J. Brown","A.J.","Brown",72,"226",15,76,116,1158,12,1269,453,0,5.07,10.94
"333","WR","Marcus Johnson","Marcus","Johnson",73,"207",8,14,28,255,0,487,49,0,1.75,17.39
"334","WR","Nick Westbrook-Ikhine","Nick","Westbrook-Ikhine",75,"215",9,5,10,50,0,97,7,0,0.56,9.7
"335","WR","Adam Humphries","Adam","Humphries",71,"195",7,23,35,228,2,335,45,0,3.29,9.57
"336","WR","Kalif Raymond","Kalif","Raymond",68,"182",9,9,16,187,0,286,38,1,1,17.88
"337","WR","Cody Hollister","Cody","Hollister",76,"209",1,1,1,12,0,10,2,0,1,10
"338","WR","Antonio Gandy-Golden","Antonio","Gandy-Golden",76,"220",4,1,7,3,0,79,1,1,0.25,11.29
"339","WR","Jordan Veasy","Jordan","Veasy",75,"221",NA,NA,NA,NA,NA,NA,NA,NA,NA,NA
"340","WR","Terry McLaurin","Terry","McLaurin",72,"210",16,93,141,1193,4,1371,487,2,5.81,9.72
"341","WR","Cam Sims","Cam","Sims",77,"214",12,39,61,581,1,683,272,1,3.25,11.2
"342","WR","Tony Brown","Tony","Brown",73,"195",NA,NA,NA,NA,NA,NA,NA,NA,NA,NA
"343","WR","Kelvin Harmon","Kelvin","Harmon",74,"213",NA,NA,NA,NA,NA,NA,NA,NA,NA,NA
"344","WR","Emanuel Hall","Emanuel","Hall",75,"195",NA,NA,NA,NA,NA,NA,NA,NA,NA,NA
"345","WR","Dontrelle Inman","Dontrelle","Inman",75,"205",7,18,28,163,2,231,44,0,2.57,8.25
"346","WR","Robert Foster","Robert","Foster",74,"194",3,2,6,37,0,84,32,0,0.67,14
"347","WR","Isaiah Wright","Isaiah","Wright",74,"220",12,27,36,197,0,151,143,3,2.25,4.19
"348","WR","Steven Sims","Steven","Sims",70,"176",12,30,41,298,2,299,127,2,2.5,7.29
"349","WR","Jeff Badet","Jeff","Badet",71,"182",1,0,1,0,0,25,0,0,0,25
"350","WR","Trevor Davis","Trevor","Davis",73,"188",NA,NA,NA,NA,NA,NA,NA,NA,NA,NA
"351","WR","Charone Peake","Charone","Peake",74,"209",NA,NA,NA,NA,NA,NA,NA,NA,NA,NA
"352","WR","Riley McCarron","Riley","McCarron",69,"183",NA,NA,NA,NA,NA,NA,NA,NA,NA,NA
"353","WR","Carlton Agudosi","Carlton","Agudosi",78,"217",NA,NA,NA,NA,NA,NA,NA,NA,NA,NA
"354","WR","Teo Redding","Teo","Redding",73,"181",NA,NA,NA,NA,NA,NA,NA,NA,NA,NA
"355","WR","Leonte Carroo","Leonte","Carroo",72,"211",NA,NA,NA,NA,NA,NA,NA,NA,NA,NA
"356","WR","Jordy Nelson","Jordy","Nelson",75,"217",NA,NA,NA,NA,NA,NA,NA,NA,NA,NA
"357","WR","Sammie Coates","Sammie","Coates",73,"212",NA,NA,NA,NA,NA,NA,NA,NA,NA,NA
"358","WR","Julian Williams","Julian","Williams",71,"195",NA,NA,NA,NA,NA,NA,NA,NA,NA,NA
"359","WR","Jonah Trinnaman","Jonah","Trinnaman",70,"186",NA,NA,NA,NA,NA,NA,NA,NA,NA,NA
"360","WR","Terrelle Pryor","Terrelle","Pryor",76,"228",NA,NA,NA,NA,NA,NA,NA,NA,NA,NA
"361","WR","Andre Holmes","Andre","Holmes",76,"210",NA,NA,NA,NA,NA,NA,NA,NA,NA,NA
"362","WR","Mario Alford","Mario","Alford",69,"180",NA,NA,NA,NA,NA,NA,NA,NA,NA,NA
"363","WR","John Diarse","John","Diarse",71,"215",NA,NA,NA,NA,NA,NA,NA,NA,NA,NA
"364","WR","Taylor Gabriel","Taylor","Gabriel",67,"167",NA,NA,NA,NA,NA,NA,NA,NA,NA,NA
"365","WR","Kaelin Clay","Kaelin","Clay",70,"195",NA,NA,NA,NA,NA,NA,NA,NA,NA,NA
"366","WR","Corey Brown","Corey","Brown",71,"185",NA,NA,NA,NA,NA,NA,NA,NA,NA,NA
"367","WR","Marcus Lucas","Marcus","Lucas",76,"250",NA,NA,NA,NA,NA,NA,NA,NA,NA,NA
"368","WR","Steven Dunbar","Steven","Dunbar",75,"210",NA,NA,NA,NA,NA,NA,NA,NA,NA,NA
"369","WR","T.J. Jones","T.J.","Jones",72,"190",NA,NA,NA,NA,NA,NA,NA,NA,NA,NA
"370","WR","Anquan Boldin","Anquan","Boldin",73,"220",NA,NA,NA,NA,NA,NA,NA,NA,NA,NA
"371","WR","Mose Frazier","Mose","Frazier",71,"190",NA,NA,NA,NA,NA,NA,NA,NA,NA,NA
"372","WR","Jamaal Jones","Jamaal","Jones",72,"182",NA,NA,NA,NA,NA,NA,NA,NA,NA,NA
"373","WR","Damoun Patterson","Damoun","Patterson",74,"190",NA,NA,NA,NA,NA,NA,NA,NA,NA,NA
"374","WR","T.J. Rahming","T.J.","Rahming",70,"170",NA,NA,NA,NA,NA,NA,NA,NA,NA,NA
"375","WR","Bruce Ellington","Bruce","Ellington",69,"200",NA,NA,NA,NA,NA,NA,NA,NA,NA,NA
"376","WR","Michael Floyd","Michael","Floyd",75,"220",NA,NA,NA,NA,NA,NA,NA,NA,NA,NA
"377","WR","Freddie Martino","Freddie","Martino",72,"195",NA,NA,NA,NA,NA,NA,NA,NA,NA,NA
"378","WR","Deontez Alexander","Deontez","Alexander",74,"196",NA,NA,NA,NA,NA,NA,NA,NA,NA,NA
"379","WR","Dorial Green-Beckham","Dorial","Green-Beckham",77,"237",NA,NA,NA,NA,NA,NA,NA,NA,NA,NA
"380","WR","Eric Decker","Eric","Decker",75,"214",NA,NA,NA,NA,NA,NA,NA,NA,NA,NA
"381","WR","Matt Hazel","Matt","Hazel",73,"195",NA,NA,NA,NA,NA,NA,NA,NA,NA,NA
"382","WR","Fred Trevillion","Fred","Trevillion",73,"190",NA,NA,NA,NA,NA,NA,NA,NA,NA,NA
"383","WR","Damon Sheehy-Guiseppi","Damon","Sheehy-Guiseppi",71,"181",NA,NA,NA,NA,NA,NA,NA,NA,NA,NA
"384","WR","Rashad Ross","Rashad","Ross",72,"181",NA,NA,NA,NA,NA,NA,NA,NA,NA,NA
"385","WR","Darren Carrington","Darren","Carrington",74,"199",NA,NA,NA,NA,NA,NA,NA,NA,NA,NA
"386","WR","Ricardo Louis","Ricardo","Louis",74,"215",NA,NA,NA,NA,NA,NA,NA,NA,NA,NA
"387","WR","Brandon Coleman","Brandon","Coleman",78,"225",NA,NA,NA,NA,NA,NA,NA,NA,NA,NA
"388","WR","Brandon Reilly","Brandon","Reilly",74,"201",NA,NA,NA,NA,NA,NA,NA,NA,NA,NA
"389","WR","Jordan Lasley","Jordan","Lasley",73,"203",NA,NA,NA,NA,NA,NA,NA,NA,NA,NA
"390","WR","Keon Hatcher","Keon","Hatcher",73,"215",NA,NA,NA,NA,NA,NA,NA,NA,NA,NA
"391","WR","Blake Jackson","Blake","Jackson",70,"200",NA,NA,NA,NA,NA,NA,NA,NA,NA,NA
"392","WR","Devin Lucien","Devin","Lucien",72,"192",NA,NA,NA,NA,NA,NA,NA,NA,NA,NA
"393","WR","Martavis Bryant","Martavis","Bryant",76,"211",NA,NA,NA,NA,NA,NA,NA,NA,NA,NA
"394","WR","Stephen Louis","Stephen","Louis",73,"218",NA,NA,NA,NA,NA,NA,NA,NA,NA,NA
"395","WR","Eli Rogers","Eli","Rogers",70,"181",NA,NA,NA,NA,NA,NA,NA,NA,NA,NA
"396","WR","Jace Billingsley","Jace","Billingsley",69,"185",NA,NA,NA,NA,NA,NA,NA,NA,NA,NA
"397","WR","Kamar Aiken","Kamar","Aiken",74,"216",NA,NA,NA,NA,NA,NA,NA,NA,NA,NA
"398","WR","Malcolm Mitchell","Malcolm","Mitchell",72,"198",NA,NA,NA,NA,NA,NA,NA,NA,NA,NA
"399","WR","Isaiah Burse","Isaiah","Burse",70,"188",NA,NA,NA,NA,NA,NA,NA,NA,NA,NA
"400","WR","Spencer Schnell","Spencer","Schnell",68,"178",NA,NA,NA,NA,NA,NA,NA,NA,NA,NA
"401","WR","KD Cannon","KD","Cannon",71,"182",NA,NA,NA,NA,NA,NA,NA,NA,NA,NA
"402","WR","Hunter Sharp","Hunter","Sharp",71,"198",NA,NA,NA,NA,NA,NA,NA,NA,NA,NA
"403","WR","Aldrick Robinson","Aldrick","Robinson",70,"184",NA,NA,NA,NA,NA,NA,NA,NA,NA,NA
"404","WR","Herb Waters","Herb","Waters",72,"188",NA,NA,NA,NA,NA,NA,NA,NA,NA,NA
"405","WR","Tevin Jones","Tevin","Jones",74,"225",NA,NA,NA,NA,NA,NA,NA,NA,NA,NA
"406","WR","Drew Morgan","Drew","Morgan",71,"190",NA,NA,NA,NA,NA,NA,NA,NA,NA,NA
"407","WR","Jalen Greene","Jalen","Greene",74,"205",NA,NA,NA,NA,NA,NA,NA,NA,NA,NA
"408","WR","Bryce Treggs","Bryce","Treggs",71,"185",NA,NA,NA,NA,NA,NA,NA,NA,NA,NA
"409","WR","Joe Horn Jr.","Joe","Horn Jr.",70,"185",NA,NA,NA,NA,NA,NA,NA,NA,NA,NA
"410","WR","Daniel Williams","Daniel","Williams",74,"234",NA,NA,NA,NA,NA,NA,NA,NA,NA,NA
"411","WR","Terrell Sinkfield","Terrell","Sinkfield",72,"198",NA,NA,NA,NA,NA,NA,NA,NA,NA,NA
"412","WR","Shay Fields","Shay","Fields",70,"181",NA,NA,NA,NA,NA,NA,NA,NA,NA,NA
"413","WR","DeAndre Thompkins","DeAndre","Thompkins",71,"189",NA,NA,NA,NA,NA,NA,NA,NA,NA,NA
"414","WR","Cortrelle Simpson","Cortrelle","Simpson",70,"193",NA,NA,NA,NA,NA,NA,NA,NA,NA,NA
"415","WR","Raphael Leonard","Raphael","Leonard",73,"192",NA,NA,NA,NA,NA,NA,NA,NA,NA,NA
"416","WR","Floyd Allen","Floyd","Allen",70,"199",NA,NA,NA,NA,NA,NA,NA,NA,NA,NA
"417","WR","Jeremy Maclin","Jeremy","Maclin",72,"198",NA,NA,NA,NA,NA,NA,NA,NA,NA,NA
"418","WR","Tim Wilson","Tim","Wilson",69,"170",NA,NA,NA,NA,NA,NA,NA,NA,NA,NA
"419","WR","Brandon Shippen","Brandon","Shippen",71,"189",NA,NA,NA,NA,NA,NA,NA,NA,NA,NA
"420","WR","Cameron Meredith","Cameron","Meredith",75,"207",NA,NA,NA,NA,NA,NA,NA,NA,NA,NA
"421","WR","Cam Phillips","Cam","Phillips",72,"200",NA,NA,NA,NA,NA,NA,NA,NA,NA,NA
"422","WR","Tre McBride","Tre","McBride",72,"210",NA,NA,NA,NA,NA,NA,NA,NA,NA,NA
"423","WR","Justin Hunter","Justin","Hunter",76,"203",NA,NA,NA,NA,NA,NA,NA,NA,NA,NA
"424","WR","Nick Williams","Nick","Williams",70,"184",NA,NA,NA,NA,NA,NA,NA,NA,NA,NA
"425","WR","Jordan Leslie","Jordan","Leslie",75,"215",NA,NA,NA,NA,NA,NA,NA,NA,NA,NA
"426","WR","Josh Bellamy","Josh","Bellamy",72,"208",NA,NA,NA,NA,NA,NA,NA,NA,NA,NA
"427","WR","Bralon Addison","Bralon","Addison",70,"190",NA,NA,NA,NA,NA,NA,NA,NA,NA,NA
"428","WR","Dillon Mitchell","Dillon","Mitchell",73,"202",NA,NA,NA,NA,NA,NA,NA,NA,NA,NA
"429","WR","Brandon Tate","Brandon","Tate",73,"195",NA,NA,NA,NA,NA,NA,NA,NA,NA,NA
"430","WR","DeAndre Smelter","DeAndre","Smelter",74,"226",NA,NA,NA,NA,NA,NA,NA,NA,NA,NA
"431","WR","Brandon LaFell","Brandon","LaFell",75,"210",NA,NA,NA,NA,NA,NA,NA,NA,NA,NA
"432","WR","Jawill Davis","Jawill","Davis",72,"191",NA,NA,NA,NA,NA,NA,NA,NA,NA,NA
"433","WR","Ryan Davis","Ryan","Davis",70,"181",NA,NA,NA,NA,NA,NA,NA,NA,NA,NA
"434","WR","Jarius Wright","Jarius","Wright",70,"191",NA,NA,NA,NA,NA,NA,NA,NA,NA,NA
"435","WR","Kendall Wright","Kendall","Wright",70,"185",NA,NA,NA,NA,NA,NA,NA,NA,NA,NA
"436","WR","C.J. Duncan","C.J.","Duncan",70,"201",NA,NA,NA,NA,NA,NA,NA,NA,NA,NA
"437","WR","Nelson Spruce","Nelson","Spruce",73,"206",NA,NA,NA,NA,NA,NA,NA,NA,NA,NA
"438","WR","Rasheed Bailey","Rasheed","Bailey",74,"205",NA,NA,NA,NA,NA,NA,NA,NA,NA,NA
"439","WR","Demarcus Ayers","Demarcus","Ayers",70,"178",NA,NA,NA,NA,NA,NA,NA,NA,NA,NA
"440","WR","Jake Wieneke","Jake","Wieneke",76,"221",NA,NA,NA,NA,NA,NA,NA,NA,NA,NA
"441","WR","Shane Wynn","Shane","Wynn",66,"157",NA,NA,NA,NA,NA,NA,NA,NA,NA,NA
"442","WR","Jamarius Way","Jamarius","Way",76,"212",NA,NA,NA,NA,NA,NA,NA,NA,NA,NA
"443","WR","Joe Walker","Joe","Walker",75,"205",NA,NA,NA,NA,NA,NA,NA,NA,NA,NA
"444","WR","Andre Levrone","Andre","Levrone",75,"220",NA,NA,NA,NA,NA,NA,NA,NA,NA,NA
"445","WR","Amba Etta-Tawo","Amba","Etta-Tawo",73,"208",NA,NA,NA,NA,NA,NA,NA,NA,NA,NA
"446","WR","Trevion Thompson","Trevion","Thompson",74,"205",NA,NA,NA,NA,NA,NA,NA,NA,NA,NA
"447","WR","Marquis Bundy","Marquis","Bundy",76,"215",NA,NA,NA,NA,NA,NA,NA,NA,NA,NA
"448","WR","Quincy Enunwa","Quincy","Enunwa",74,"225",NA,NA,NA,NA,NA,NA,NA,NA,NA,NA
"449","WR","Janarion Grant","Janarion","Grant",70,"170",NA,NA,NA,NA,NA,NA,NA,NA,NA,NA
"450","WR","Aaron Burbridge","Aaron","Burbridge",72,"206",NA,NA,NA,NA,NA,NA,NA,NA,NA,NA
"451","WR","Malcolm Lewis","Malcolm","Lewis",72,"187",NA,NA,NA,NA,NA,NA,NA,NA,NA,NA
"452","WR","Anthony Ratliff-Williams","Anthony","Ratliff-Williams",71,"195",NA,NA,NA,NA,NA,NA,NA,NA,NA,NA
"453","WR","Garrett Johnson","Garrett","Johnson",70,"169",NA,NA,NA,NA,NA,NA,NA,NA,NA,NA
"454","WR","Devonte Boyd","Devonte","Boyd",73,"183",NA,NA,NA,NA,NA,NA,NA,NA,NA,NA
"455","WR","Marvin Bracy","Marvin","Bracy",69,"172",NA,NA,NA,NA,NA,NA,NA,NA,NA,NA
"456","WR","Bryce Bobo","Bryce","Bobo",73,"195",NA,NA,NA,NA,NA,NA,NA,NA,NA,NA
"457","WR","Johnnie Dixon","Johnnie","Dixon",71,"198",NA,NA,NA,NA,NA,NA,NA,NA,NA,NA
"458","WR","Devon Cajuste","Devon","Cajuste",76,"234",NA,NA,NA,NA,NA,NA,NA,NA,NA,NA
"459","WR","Torrey Smith","Torrey","Smith",72,"205",NA,NA,NA,NA,NA,NA,NA,NA,NA,NA
"460","WR","Francis Owusu","Francis","Owusu",74,"223",NA,NA,NA,NA,NA,NA,NA,NA,NA,NA
"461","WR","James Wright","James","Wright",74,"203",NA,NA,NA,NA,NA,NA,NA,NA,NA,NA
"462","WR","Tim White","Tim","White",70,"185",NA,NA,NA,NA,NA,NA,NA,NA,NA,NA
"463","WR","Tanner McEvoy","Tanner","McEvoy",78,"223",NA,NA,NA,NA,NA,NA,NA,NA,NA,NA
"464","WR","Dorren Miller","Dorren","Miller",72,"196",NA,NA,NA,NA,NA,NA,NA,NA,NA,NA
"465","WR","Brendan Langley","Brendan","Langley",72,"201",NA,NA,NA,NA,NA,NA,NA,NA,NA,NA
"466","WR","Markus Wheaton","Markus","Wheaton",71,"185",NA,NA,NA,NA,NA,NA,NA,NA,NA,NA
"467","WR","Mike Wallace","Mike","Wallace",72,"200",NA,NA,NA,NA,NA,NA,NA,NA,NA,NA
"468","WR","Corey Willis","Corey","Willis",70,"175",NA,NA,NA,NA,NA,NA,NA,NA,NA,NA
"469","WR","Dontez Ford","Dontez","Ford",73,"212",NA,NA,NA,NA,NA,NA,NA,NA,NA,NA
"470","WR","Joseph Parker","Joseph","Parker",69,"184",NA,NA,NA,NA,NA,NA,NA,NA,NA,NA
"471","WR","Stacy Coley","Stacy","Coley",72,"195",NA,NA,NA,NA,NA,NA,NA,NA,NA,NA
"472","WR","Cayleb Jones","Cayleb","Jones",75,"209",NA,NA,NA,NA,NA,NA,NA,NA,NA,NA
"473","WR","Ka'raun White","Ka'raun","White",73,"206",NA,NA,NA,NA,NA,NA,NA,NA,NA,NA
"474","WR","Darius Prince","Darius","Prince",73,"185",NA,NA,NA,NA,NA,NA,NA,NA,NA,NA
"475","WR","Nick Holley","Nick","Holley",70,"195",NA,NA,NA,NA,NA,NA,NA,NA,NA,NA
"476","WR","Brice Butler","Brice","Butler",75,"211",NA,NA,NA,NA,NA,NA,NA,NA,NA,NA
"477","WR","Roger Lewis","Roger","Lewis",72,"199",NA,NA,NA,NA,NA,NA,NA,NA,NA,NA
"478","WR","Jalen Tolliver","Jalen","Tolliver",75,"210",NA,NA,NA,NA,NA,NA,NA,NA,NA,NA
"479","WR","Jermaine Kearse","Jermaine","Kearse",73,"209",NA,NA,NA,NA,NA,NA,NA,NA,NA,NA
"480","WR","Bryant Mitchell","Bryant","Mitchell",74,"198",NA,NA,NA,NA,NA,NA,NA,NA,NA,NA
"481","WR","Andy Jones","Andy","Jones",73,"217",NA,NA,NA,NA,NA,NA,NA,NA,NA,NA
"482","WR","Donteea Dye","Donteea","Dye",72,"195",NA,NA,NA,NA,NA,NA,NA,NA,NA,NA
"483","WR","Cobi Hamilton","Cobi","Hamilton",74,"212",NA,NA,NA,NA,NA,NA,NA,NA,NA,NA
"484","WR","Reggie White Jr.","Reggie","White Jr.",74,"208",NA,NA,NA,NA,NA,NA,NA,NA,NA,NA
"485","WR","Korey Robertson","Korey","Robertson",73,"212",NA,NA,NA,NA,NA,NA,NA,NA,NA,NA
"486","WR","Marcus Tucker","Marcus","Tucker",70,"190",NA,NA,NA,NA,NA,NA,NA,NA,NA,NA
"487","WR","Brittan Golden","Brittan","Golden",71,"186",NA,NA,NA,NA,NA,NA,NA,NA,NA,NA
"488","WR","Sergio Bailey","Sergio","Bailey",72,"186",NA,NA,NA,NA,NA,NA,NA,NA,NA,NA
"489","WR","DaMarkus Lodge","DaMarkus","Lodge",74,"202",NA,NA,NA,NA,NA,NA,NA,NA,NA,NA
"490","WR","Jonathan Duhart","Jonathan","Duhart",75,"215",NA,NA,NA,NA,NA,NA,NA,NA,NA,NA
"491","WR","DeVier Posey","DeVier","Posey",74,"210",NA,NA,NA,NA,NA,NA,NA,NA,NA,NA
"492","WR","Marlon Brown","Marlon","Brown",77,"214",NA,NA,NA,NA,NA,NA,NA,NA,NA,NA
"493","WR","Malachi Dupre","Malachi","Dupre",74,"196",NA,NA,NA,NA,NA,NA,NA,NA,NA,NA
"494","WR","Jeremy Butler","Jeremy","Butler",74,"213",NA,NA,NA,NA,NA,NA,NA,NA,NA,NA
"495","WR","Kenny Bell","Kenny","Bell",73,"197",NA,NA,NA,NA,NA,NA,NA,NA,NA,NA
"496","WR","Doug Baldwin","Doug","Baldwin",70,"192",NA,NA,NA,NA,NA,NA,NA,NA,NA,NA
"497","WR","Xavier Ubosi","Xavier","Ubosi",75,"209",NA,NA,NA,NA,NA,NA,NA,NA,NA,NA
"498","WR","Justin Blackmon","Justin","Blackmon",73,"207",NA,NA,NA,NA,NA,NA,NA,NA,NA,NA
"499","WR","JJ Jones","JJ","Jones",70,"173",NA,NA,NA,NA,NA,NA,NA,NA,NA,NA
"500","WR","Terrance Williams","Terrance","Williams",74,"210",NA,NA,NA,NA,NA,NA,NA,NA,NA,NA
"501","WR","Charles Johnson","Charles","Johnson",74,"215",NA,NA,NA,NA,NA,NA,NA,NA,NA,NA
"502","WR","Travis Rudolph","Travis","Rudolph",73,"192",NA,NA,NA,NA,NA,NA,NA,NA,NA,NA
"503","WR","Bernard Reedy","Bernard","Reedy",68,"174",NA,NA,NA,NA,NA,NA,NA,NA,NA,NA
"504","WR","Trey Griffey","Trey","Griffey",74,"203",NA,NA,NA,NA,NA,NA,NA,NA,NA,NA
"505","WR","Dorian Baker","Dorian","Baker",75,"205",NA,NA,NA,NA,NA,NA,NA,NA,NA,NA
"506","WR","Quan Bray","Quan","Bray",70,"183",NA,NA,NA,NA,NA,NA,NA,NA,NA,NA
"507","WR","Shawn Bane","Shawn","Bane",71,"165",NA,NA,NA,NA,NA,NA,NA,NA,NA,NA
"508","WR","Sean Modster","Sean","Modster",71,"183",NA,NA,NA,NA,NA,NA,NA,NA,NA,NA
"509","WR","Jeff Janis","Jeff","Janis",75,"219",NA,NA,NA,NA,NA,NA,NA,NA,NA,NA
"510","WR","Fred Ross","Fred","Ross",73,"213",NA,NA,NA,NA,NA,NA,NA,NA,NA,NA
"511","WR","Jaelen Strong","Jaelen","Strong",74,"205",NA,NA,NA,NA,NA,NA,NA,NA,NA,NA
"512","WR","Steve Ishmael","Steve","Ishmael",74,"212",NA,NA,NA,NA,NA,NA,NA,NA,NA,NA
"513","WR","Terry Wright","Terry","Wright",70,"177",NA,NA,NA,NA,NA,NA,NA,NA,NA,NA
"514","WR","Lucky Whitehead","Lucky","Whitehead",69,"163",NA,NA,NA,NA,NA,NA,NA,NA,NA,NA
"515","WR","Demaryius Thomas","Demaryius","Thomas",75,"225",NA,NA,NA,NA,NA,NA,NA,NA,NA,NA
"516","WR","Braxton Miller","Braxton","Miller",73,"201",NA,NA,NA,NA,NA,NA,NA,NA,NA,NA
"517","WR","Ardarius Stewart","Ardarius","Stewart",71,"204",NA,NA,NA,NA,NA,NA,NA,NA,NA,NA
"518","WR","Jared Abbrederis","Jared","Abbrederis",73,"195",NA,NA,NA,NA,NA,NA,NA,NA,NA,NA
"519","WR","Paul Richardson","Paul","Richardson",72,"180",NA,NA,NA,NA,NA,NA,NA,NA,NA,NA
"520","WR","Daniel Braverman","Daniel","Braverman",70,"175",NA,NA,NA,NA,NA,NA,NA,NA,NA,NA
"521","WR","Michael Campanaro","Michael","Campanaro",69,"191",NA,NA,NA,NA,NA,NA,NA,NA,NA,NA
"522","WR","Kyle Lewis","Kyle","Lewis",71,"203",NA,NA,NA,NA,NA,NA,NA,NA,NA,NA
"523","WR","Rod Streater","Rod","Streater",75,"200",NA,NA,NA,NA,NA,NA,NA,NA,NA,NA
"524","WR","Keenan Reynolds","Keenan","Reynolds",70,"191",NA,NA,NA,NA,NA,NA,NA,NA,NA,NA
"525","WR","Deonte Thompson","Deonte","Thompson",72,"204",NA,NA,NA,NA,NA,NA,NA,NA,NA,NA
"526","WR","Jeremy Kerley","Jeremy","Kerley",69,"188",NA,NA,NA,NA,NA,NA,NA,NA,NA,NA
"527","WR","Kelvin McKnight","Kelvin","McKnight",68,"186",NA,NA,NA,NA,NA,NA,NA,NA,NA,NA
"528","WR","Brandon Marshall","Brandon","Marshall",77,"232",NA,NA,NA,NA,NA,NA,NA,NA,NA,NA
"529","WR","Jazz Ferguson","Jazz","Ferguson",77,"227",NA,NA,NA,NA,NA,NA,NA,NA,NA,NA
"530","WR","Michael Crabtree","Michael","Crabtree",73,"214",NA,NA,NA,NA,NA,NA,NA,NA,NA,NA
"531","WR","Rishard Matthews","Rishard","Matthews",72,"217",NA,NA,NA,NA,NA,NA,NA,NA,NA,NA
"532","WR","Jesus Wilson","Jesus","Wilson",69,"189",NA,NA,NA,NA,NA,NA,NA,NA,NA,NA
"533","WR","Maurice Harris","Maurice","Harris",75,"205",NA,NA,NA,NA,NA,NA,NA,NA,NA,NA
"534","WR","Geremy Davis","Geremy","Davis",75,"211",NA,NA,NA,NA,NA,NA,NA,NA,NA,NA
"535","WR","Mark Chapman","Mark","Chapman",71,"182",NA,NA,NA,NA,NA,NA,NA,NA,NA,NA
"536","WR","Dontez Byrd","Dontez","Byrd",70,"180",NA,NA,NA,NA,NA,NA,NA,NA,NA,NA
"537","WR","Jonathan Lloyd","Jonathan","Lloyd",70,"184",NA,NA,NA,NA,NA,NA,NA,NA,NA,NA
"538","WR","Kendal Thompson","Kendal","Thompson",74,"198",NA,NA,NA,NA,NA,NA,NA,NA,NA,NA
"539","WR","Jordan Williams-Lambert","Jordan","Williams-Lambert",74,"228",NA,NA,NA,NA,NA,NA,NA,NA,NA,NA
"540","WR","Kermit Whitfield","Kermit","Whitfield",68,"185",NA,NA,NA,NA,NA,NA,NA,NA,NA,NA
"541","WR","Da'Ron Brown","Da'Ron","Brown",72,"205",NA,NA,NA,NA,NA,NA,NA,NA,NA,NA
"542","WR","Dres Anderson","Dres","Anderson",73,"187",NA,NA,NA,NA,NA,NA,NA,NA,NA,NA
"543","WR","Tevaun Smith","Tevaun","Smith",72,"204",NA,NA,NA,NA,NA,NA,NA,NA,NA,NA
"544","WR","Malachi Jones","Malachi","Jones",73,"206",NA,NA,NA,NA,NA,NA,NA,NA,NA,NA
"545","WR","Josh Boyce","Josh","Boyce",71,"206",NA,NA,NA,NA,NA,NA,NA,NA,NA,NA
"546","WR","Adonis Jennings","Adonis","Jennings",74,"201",NA,NA,NA,NA,NA,NA,NA,NA,NA,NA
"547","WR","Austin Duke","Austin","Duke",70,"161",NA,NA,NA,NA,NA,NA,NA,NA,NA,NA
"548","WR","Kayaune Ross","Kayaune","Ross",78,"227",NA,NA,NA,NA,NA,NA,NA,NA,NA,NA
"549","WR","Paul Turner","Paul","Turner",70,"195",NA,NA,NA,NA,NA,NA,NA,NA,NA,NA
"550","WR","Deangelo Yancey","Deangelo","Yancey",73,"220",NA,NA,NA,NA,NA,NA,NA,NA,NA,NA
"551","WR","Darrius Heyward-Bey","Darrius","Heyward-Bey",74,"210",NA,NA,NA,NA,NA,NA,NA,NA,NA,NA
"552","WR","Ryan Grant","Ryan","Grant",72,"195",NA,NA,NA,NA,NA,NA,NA,NA,NA,NA
"553","WR","Brian Quick","Brian","Quick",75,"215",NA,NA,NA,NA,NA,NA,NA,NA,NA,NA
"554","WR","Reece Horn","Reece","Horn",75,"222",NA,NA,NA,NA,NA,NA,NA,NA,NA,NA
"555","WR","Josh Crockett","Josh","Crockett",76,"195",NA,NA,NA,NA,NA,NA,NA,NA,NA,NA
"556","WR","Nick Easley","Nick","Easley",71,"203",NA,NA,NA,NA,NA,NA,NA,NA,NA,NA
"557","WR","Bradley Marquez","Bradley","Marquez",71,"205",NA,NA,NA,NA,NA,NA,NA,NA,NA,NA
"558","WR","Nyqwan Murray","Nyqwan","Murray",70,"180",NA,NA,NA,NA,NA,NA,NA,NA,NA,NA
"559","WR","Jaylen Smith","Jaylen","Smith",74,"221",NA,NA,NA,NA,NA,NA,NA,NA,NA,NA
"560","WR","Greg Little","Greg","Little",74,"220",NA,NA,NA,NA,NA,NA,NA,NA,NA,NA
"561","WR","Maxwell McCaffrey","Maxwell","McCaffrey",74,"194",NA,NA,NA,NA,NA,NA,NA,NA,NA,NA
"562","WR","Isaac Zico","Isaac","Zico",73,"201",NA,NA,NA,NA,NA,NA,NA,NA,NA,NA
"563","WR","Matthew Eaton","Matthew","Eaton",76,"215",NA,NA,NA,NA,NA,NA,NA,NA,NA,NA
"564","WR","Russell Shepard","Russell","Shepard",73,"195",NA,NA,NA,NA,NA,NA,NA,NA,NA,NA
"565","WR","Montay Crockett","Montay","Crockett",72,"180",NA,NA,NA,NA,NA,NA,NA,NA,NA,NA
"566","WR","Jared Murphy","Jared","Murphy",70,"179",NA,NA,NA,NA,NA,NA,NA,NA,NA,NA
"567","WR","Davion Davis","Davion","Davis",71,"195",NA,NA,NA,NA,NA,NA,NA,NA,NA,NA
"568","WR","Quadree Henderson","Quadree","Henderson",68,"192",NA,NA,NA,NA,NA,NA,NA,NA,NA,NA
"569","WR","Emmanuel Butler","Emmanuel","Butler",76,"220",NA,NA,NA,NA,NA,NA,NA,NA,NA,NA
"570","WR","Alonzo Russell","Alonzo","Russell",76,"206",NA,NA,NA,NA,NA,NA,NA,NA,NA,NA
"571","WR","Manasseh Garner","Manasseh","Garner",74,"214",NA,NA,NA,NA,NA,NA,NA,NA,NA,NA
"572","WR","Kahlil Lewis","Kahlil","Lewis",70,"198",NA,NA,NA,NA,NA,NA,NA,NA,NA,NA
"573","WR","Justice Liggins","Justice","Liggins",73,"209",NA,NA,NA,NA,NA,NA,NA,NA,NA,NA
"574","WR","Victor Cruz","Victor","Cruz",72,"204",NA,NA,NA,NA,NA,NA,NA,NA,NA,NA
"575","WR","Damion Jeanpiere","Damion","Jeanpiere",73,"185",NA,NA,NA,NA,NA,NA,NA,NA,NA,NA
"576","WR","Kasen Williams","Kasen","Williams",73,"219",NA,NA,NA,NA,NA,NA,NA,NA,NA,NA
"577","WR","Jaelon Acklin","Jaelon","Acklin",73,"185",NA,NA,NA,NA,NA,NA,NA,NA,NA,NA
"578","WR","Simmie Cobbs","Simmie","Cobbs",75,"220",NA,NA,NA,NA,NA,NA,NA,NA,NA,NA
"579","WR","Cody Latimer","Cody","Latimer",74,"215",NA,NA,NA,NA,NA,NA,NA,NA,NA,NA
"580","WR","Travin Dural","Travin","Dural",73,"206",NA,NA,NA,NA,NA,NA,NA,NA,NA,NA
"581","WR","Jordan Smallwood","Jordan","Smallwood",74,"203",NA,NA,NA,NA,NA,NA,NA,NA,NA,NA
"582","WR","Tavarres King","Tavarres","King",72,"189",NA,NA,NA,NA,NA,NA,NA,NA,NA,NA
"583","WR","CJ Worton","CJ","Worton",72,"183",NA,NA,NA,NA,NA,NA,NA,NA,NA,NA
"584","WR","Damore'ea Stringfellow","Damore'ea","Stringfellow",74,"212",NA,NA,NA,NA,NA,NA,NA,NA,NA,NA
"585","WR","Justin Hardy","Justin","Hardy",70,"192",NA,NA,NA,NA,NA,NA,NA,NA,NA,NA
"586","WR","Davon Grayson","Davon","Grayson",73,"199",NA,NA,NA,NA,NA,NA,NA,NA,NA,NA
"587","WR","Brian Brown","Brian","Brown",73,"200",NA,NA,NA,NA,NA,NA,NA,NA,NA,NA
"588","WR","Felton Davis","Felton","Davis",75,"211",NA,NA,NA,NA,NA,NA,NA,NA,NA,NA
"589","WR","Alex Wesley","Alex","Wesley",72,"190",NA,NA,NA,NA,NA,NA,NA,NA,NA,NA
"590","WR","Kenny Britt","Kenny","Britt",75,"223",NA,NA,NA,NA,NA,NA,NA,NA,NA,NA
"591","WR","Mekale McKay","Mekale","McKay",75,"204",NA,NA,NA,NA,NA,NA,NA,NA,NA,NA
"592","WR","Pierre Garcon","Pierre","Garcon",72,"211",NA,NA,NA,NA,NA,NA,NA,NA,NA,NA
"593","WR","Tyre Brady","Tyre","Brady",75,"211",NA,NA,NA,NA,NA,NA,NA,NA,NA,NA
"594","WR","Seantavius Jones","Seantavius","Jones",75,"200",NA,NA,NA,NA,NA,NA,NA,NA,NA,NA
"595","WR","Jordan Taylor","Jordan","Taylor",76,"204",NA,NA,NA,NA,NA,NA,NA,NA,NA,NA
"596","WR","KJ Brent","KJ","Brent",76,"190",NA,NA,NA,NA,NA,NA,NA,NA,NA,NA
"597","WR","Papi White","Papi","White",68,"170",NA,NA,NA,NA,NA,NA,NA,NA,NA,NA
"598","WR","Rashad Greene","Rashad","Greene",71,"182",NA,NA,NA,NA,NA,NA,NA,NA,NA,NA
"599","WR","KJ Maye","KJ","Maye",68,"194",NA,NA,NA,NA,NA,NA,NA,NA,NA,NA
"600","WR","Jehu Chesson","Jehu","Chesson",74,"204",NA,NA,NA,NA,NA,NA,NA,NA,NA,NA
"601","WR","Marcus Simms","Marcus","Simms",72,"195",NA,NA,NA,NA,NA,NA,NA,NA,NA,NA
"602","WR","Darius Jennings","Darius","Jennings",70,"180",NA,NA,NA,NA,NA,NA,NA,NA,NA,NA
"603","WR","Rashawn Scott","Rashawn","Scott",73,"199",NA,NA,NA,NA,NA,NA,NA,NA,NA,NA
"604","WR","Kelvin Benjamin","Kelvin","Benjamin",77,"240",NA,NA,NA,NA,NA,NA,NA,NA,NA,NA
"605","WR","Saeed Blacknall","Saeed","Blacknall",74,"208",NA,NA,NA,NA,NA,NA,NA,NA,NA,NA
"606","WR","Garrett Scantling","Garrett","Scantling",75,"210",NA,NA,NA,NA,NA,NA,NA,NA,NA,NA
"607","WR","Joe Horn","Joe","Horn",70,"185",NA,NA,NA,NA,NA,NA,NA,NA,NA,NA
"608","WR","Shaq Roland","Shaq","Roland",74,"170",NA,NA,NA,NA,NA,NA,NA,NA,NA,NA
"609","WR","Matt Fleming","Matt","Fleming",71,"180",NA,NA,NA,NA,NA,NA,NA,NA,NA,NA
"610","WR","Charles Holland","Charles","Holland",74,"186",NA,NA,NA,NA,NA,NA,NA,NA,NA,NA
"611","WR","Monty Madaris","Monty","Madaris",73,"207",NA,NA,NA,NA,NA,NA,NA,NA,NA,NA
"612","WR","Joshua Cribbs","Joshua","Cribbs",73,"215",NA,NA,NA,NA,NA,NA,NA,NA,NA,NA
"613","WR","Quincy McDuffie","Quincy","McDuffie",69,"178",NA,NA,NA,NA,NA,NA,NA,NA,NA,NA
"614","WR","Malik Earl","Malik","Earl",74,"216",NA,NA,NA,NA,NA,NA,NA,NA,NA,NA
"615","WR","Chris Blair","Chris","Blair",75,"200",NA,NA,NA,NA,NA,NA,NA,NA,NA,NA
"616","WR","Kalija Lipscomb","Kalija","Lipscomb",73,"200",NA,NA,NA,NA,NA,NA,NA,NA,NA,NA
"617","WR","Tyler Simmons","Tyler","Simmons",72,"201",NA,NA,NA,NA,NA,NA,NA,NA,NA,NA
"618","WR","Quartney Davis","Quartney","Davis",74,"200",NA,NA,NA,NA,NA,NA,NA,NA,NA,NA
"619","WR","Al Riles","Al","Riles",70,"212",NA,NA,NA,NA,NA,NA,NA,NA,NA,NA
"620","WR","Lamar Atkins","Lamar","Atkins",71,"216",NA,NA,NA,NA,NA,NA,NA,NA,NA,NA
"621","WR","Dredrick Snelson","Dredrick","Snelson",72,"205",NA,NA,NA,NA,NA,NA,NA,NA,NA,NA
"622","WR","Elijah Marks","Elijah","Marks",71,"182",NA,NA,NA,NA,NA,NA,NA,NA,NA,NA
"623","WR","Dalton Schoen","Dalton","Schoen",73,"209",NA,NA,NA,NA,NA,NA,NA,NA,NA,NA
"624","WR","Joe Forson","Joe","Forson",78,"230",NA,NA,NA,NA,NA,NA,NA,NA,NA,NA
"625","WR","Jamire Jordan","Jamire","Jordan",70,"167",NA,NA,NA,NA,NA,NA,NA,NA,NA,NA
"626","WR","Andre Lindsey","Andre","Lindsey",75,"190",NA,NA,NA,NA,NA,NA,NA,NA,NA,NA
"627","WR","Anas Hasic","Anas","Hasic",71,"215",NA,NA,NA,NA,NA,NA,NA,NA,NA,NA
"628","WR","Jordan Harris","Jordan","Harris",NA,NA,NA,NA,NA,NA,NA,NA,NA,NA,NA,NA
"629","WR","Laquvionte Gonzalez","Laquvionte","Gonzalez",70,"176",NA,NA,NA,NA,NA,NA,NA,NA,NA,NA
"630","WR","Justin Sumpter","Justin","Sumpter",73,"221",NA,NA,NA,NA,NA,NA,NA,NA,NA,NA
"631","WR","Aaron Lacombe","Aaron","Lacombe",75,"201",NA,NA,NA,NA,NA,NA,NA,NA,NA,NA
"632","WR","Dontre Wilson","Dontre","Wilson",NA,NA,NA,NA,NA,NA,NA,NA,NA,NA,NA,NA
"633","WR","Armanti Foreman","Armanti","Foreman",71,"209",NA,NA,NA,NA,NA,NA,NA,NA,NA,NA
"634","WR","Micah Wright","Micah","Wright",72,"195",NA,NA,NA,NA,NA,NA,NA,NA,NA,NA
"635","WR","Josh Smith","Josh","Smith",73,"183",NA,NA,NA,NA,NA,NA,NA,NA,NA,NA
"636","WR","Eldridge Massington","Eldridge","Massington",74,"210",NA,NA,NA,NA,NA,NA,NA,NA,NA,NA
"637","WR","Ahmad Fulwood","Ahmad","Fulwood",76,"208",NA,NA,NA,NA,NA,NA,NA,NA,NA,NA
"638","WR","Derrick Dillon","Derrick","Dillon",71,"186",NA,NA,NA,NA,NA,NA,NA,NA,NA,NA
"639","WR","Jalen Williams","Jalen","Williams",74,"194",NA,NA,NA,NA,NA,NA,NA,NA,NA,NA
"640","WR","Manasseh Bailey","Manasseh","Bailey",73,"195",NA,NA,NA,NA,NA,NA,NA,NA,NA,NA
"641","WR","Myles White","Myles","White",72,"182",NA,NA,NA,NA,NA,NA,NA,NA,NA,NA
"642","WR","Khalil Tate","Khalil","Tate",74,"215",NA,NA,NA,NA,NA,NA,NA,NA,NA,NA
"643","WR","Speedy Noil","Speedy","Noil",71,"199",NA,NA,NA,NA,NA,NA,NA,NA,NA,NA
"644","WR","Chris Finke","Chris","Finke",69,"184",NA,NA,NA,NA,NA,NA,NA,NA,NA,NA
"645","WR","Thomas Sperbeck","Thomas","Sperbeck",72,"181",NA,NA,NA,NA,NA,NA,NA,NA,NA,NA
"646","WR","Mason Kinsey","Mason","Kinsey",72,"195",NA,NA,NA,NA,NA,NA,NA,NA,NA,NA
"647","WR","Mikah Holder","Mikah","Holder",72,"182",NA,NA,NA,NA,NA,NA,NA,NA,NA,NA
